log_id,user_id,vault_id,action,action_time
1,49,80,ADD,2026-05-15 22:17:58
2,24,58,EDIT,2026-05-15 22:17:08
3,97,89,LOGIN,2026-05-15 22:17:58
4,37,76,DELETE,2026-05-15 22:17:12
5,69,23,EDIT,2026-05-15 22:18:06
6,66,30,VIEW,2026-05-15 22:17:18
7,10,47,EDIT,2026-05-15 22:17:16
8,62,67,DELETE,2026-05-15 22:17:55
9,94,10,DELETE,2026-05-15 22:17:27
10,71,88,ADD,2026-05-15 22:17:53
11,1,62,DELETE,2026-05-15 22:17:13
12,5,100,DELETE,2026-05-15 22:18:03
13,47,46,LOGIN,2026-05-15 22:17:25
14,3,19,ADD,2026-05-15 22:17:29
15,87,64,LOGIN,2026-05-15 22:17:51
16,86,14,VIEW,2026-05-15 22:17:28
17,73,40,EDIT,2026-05-15 22:18:02
18,51,36,LOGIN,2026-05-15 22:17:17
19,95,86,VIEW,2026-05-15 22:17:41
20,48,38,LOGIN,2026-05-15 22:17:35
21,31,96,EDIT,2026-05-15 22:17:06
22,45,99,VIEW,2026-05-15 22:17:29
23,12,84,LOGIN,2026-05-15 22:17:10
24,5,10,EDIT,2026-05-15 22:17:39
25,91,79,VIEW,2026-05-15 22:17:41
26,43,33,LOGIN,2026-05-15 22:17:58
27,45,58,DELETE,2026-05-15 22:17:35
28,73,69,ADD,2026-05-15 22:17:51
29,32,81,ADD,2026-05-15 22:17:54
30,64,14,DELETE,2026-05-15 22:18:05
31,46,75,EDIT,2026-05-15 22:17:40
32,34,11,EDIT,2026-05-15 22:17:57
33,5,38,DELETE,2026-05-15 22:17:25
34,52,1,DELETE,2026-05-15 22:17:55
35,93,68,DELETE,2026-05-15 22:17:36
36,45,17,LOGIN,2026-05-15 22:17:29
37,42,18,ADD,2026-05-15 22:18:02
38,27,22,ADD,2026-05-15 22:17:12
39,30,61,EDIT,2026-05-15 22:18:00
40,81,48,VIEW,2026-05-15 22:17:53
41,96,83,VIEW,2026-05-15 22:17:29
42,59,59,VIEW,2026-05-15 22:17:53
43,26,29,DELETE,2026-05-15 22:17:44
44,8,13,ADD,2026-05-15 22:17:47
45,95,4,LOGIN,2026-05-15 22:17:46
46,26,45,VIEW,2026-05-15 22:17:43
47,6,45,ADD,2026-05-15 22:18:03
48,32,18,ADD,2026-05-15 22:18:00
49,28,63,VIEW,2026-05-15 22:17:42
50,19,65,EDIT,2026-05-15 22:17:07
51,29,38,ADD,2026-05-15 22:17:30
52,1,100,DELETE,2026-05-15 22:17:12
53,6,12,LOGIN,2026-05-15 22:17:48
54,59,8,ADD,2026-05-15 22:17:41
55,82,83,VIEW,2026-05-15 22:17:30
56,46,38,EDIT,2026-05-15 22:17:34
57,84,55,VIEW,2026-05-15 22:17:24
58,98,7,VIEW,2026-05-15 22:17:06
59,45,71,LOGIN,2026-05-15 22:18:00
60,76,48,ADD,2026-05-15 22:17:11
61,17,55,LOGIN,2026-05-15 22:17:15
62,25,47,EDIT,2026-05-15 22:17:23
63,37,85,VIEW,2026-05-15 22:18:02
64,62,6,VIEW,2026-05-15 22:17:22
65,31,15,LOGIN,2026-05-15 22:17:53
66,23,24,LOGIN,2026-05-15 22:17:12
67,97,83,EDIT,2026-05-15 22:17:53
68,10,6,ADD,2026-05-15 22:17:34
69,92,19,DELETE,2026-05-15 22:17:53
70,53,96,EDIT,2026-05-15 22:18:02
71,19,13,DELETE,2026-05-15 22:17:08
72,61,50,EDIT,2026-05-15 22:17:34
73,25,15,VIEW,2026-05-15 22:17:46
74,55,81,ADD,2026-05-15 22:17:11
75,37,30,EDIT,2026-05-15 22:17:40
76,10,68,LOGIN,2026-05-15 22:17:58
77,71,81,DELETE,2026-05-15 22:17:19
78,59,46,LOGIN,2026-05-15 22:17:38
79,83,2,VIEW,2026-05-15 22:18:03
80,70,58,ADD,2026-05-15 22:17:09
81,8,99,ADD,2026-05-15 22:17:23
82,4,48,EDIT,2026-05-15 22:17:56
83,11,97,ADD,2026-05-15 22:17:51
84,33,98,ADD,2026-05-15 22:17:55
85,85,18,DELETE,2026-05-15 22:17:56
86,79,4,EDIT,2026-05-15 22:17:53
87,73,43,EDIT,2026-05-15 22:18:01
88,85,92,EDIT,2026-05-15 22:17:51
89,41,30,VIEW,2026-05-15 22:17:32
90,1,29,LOGIN,2026-05-15 22:17:33
91,11,99,ADD,2026-05-15 22:17:47
92,5,94,VIEW,2026-05-15 22:17:33
93,26,80,DELETE,2026-05-15 22:17:59
94,32,22,EDIT,2026-05-15 22:17:14
95,52,47,LOGIN,2026-05-15 22:17:07
96,25,30,DELETE,2026-05-15 22:17:10
97,33,82,VIEW,2026-05-15 22:17:32
98,29,68,EDIT,2026-05-15 22:17:48
99,77,90,DELETE,2026-05-15 22:18:01
100,83,56,ADD,2026-05-15 22:17:50
