attempt_id,user_id,attempted_at,ip_address
1,48,2026-05-15 22:17:51,110.143.125.57
2,95,2026-05-15 22:17:47,213.25.118.207
3,27,2026-05-15 22:18:01,42.73.228.242
4,7,2026-05-15 22:17:39,13.224.156.6
5,89,2026-05-15 22:17:20,9.166.200.153
6,34,2026-05-15 22:17:33,220.192.170.188
7,76,2026-05-15 22:17:09,128.29.83.156
8,15,2026-05-15 22:17:38,93.17.84.118
9,40,2026-05-15 22:17:52,169.4.41.12
10,95,2026-05-15 22:17:17,203.141.213.139
11,73,2026-05-15 22:17:42,80.68.60.51
12,19,2026-05-15 22:17:57,94.171.232.70
13,10,2026-05-15 22:17:12,149.240.38.229
14,48,2026-05-15 22:18:00,219.170.105.149
15,78,2026-05-15 22:17:58,34.21.82.164
16,43,2026-05-15 22:17:16,121.9.3.249
17,88,2026-05-15 22:17:28,149.172.79.249
18,30,2026-05-15 22:17:09,164.239.46.218
19,61,2026-05-15 22:17:52,89.99.131.64
20,60,2026-05-15 22:17:37,217.190.185.116
21,99,2026-05-15 22:17:24,184.121.118.252
22,62,2026-05-15 22:17:52,192.3.31.88
23,47,2026-05-15 22:17:21,199.25.108.79
24,69,2026-05-15 22:17:43,58.248.82.168
25,44,2026-05-15 22:18:03,60.42.223.209
26,97,2026-05-15 22:17:34,221.212.185.27
27,39,2026-05-15 22:17:21,106.29.217.93
28,11,2026-05-15 22:17:29,17.254.118.253
29,28,2026-05-15 22:17:26,130.142.105.38
30,42,2026-05-15 22:17:25,177.13.176.31
31,46,2026-05-15 22:17:44,119.20.118.152
32,32,2026-05-15 22:17:52,18.53.226.23
33,61,2026-05-15 22:17:29,183.46.87.42
34,27,2026-05-15 22:17:11,96.38.212.1
35,93,2026-05-15 22:17:52,22.75.47.189
36,25,2026-05-15 22:17:40,197.72.22.195
37,78,2026-05-15 22:18:00,73.78.63.124
38,86,2026-05-15 22:17:27,135.134.8.186
39,80,2026-05-15 22:17:39,65.164.144.238
40,93,2026-05-15 22:17:43,125.185.110.239
