session_id,user_id,session_token,created_at,expires_at
1,97,beded8813fb360b562bb32dba92d0e677f7311d7ed9a46740ea6053c9069c2be,2026-05-15 11:08:42,2026-05-15 12:08:42
2,71,788b2f1f5d34e770a8c63dace3041e7bd9cbaeecb0ba7ddeb184e4ba99b21503,2026-05-15 01:30:24,2026-05-15 02:30:24
3,95,db81e47535c8ad04159f3054285252dc215facbb8e6f40eaeb45f004b6c29002,2026-05-15 02:27:08,2026-05-15 03:27:08
4,66,3f996e11e2a8587bc1f92cb21be56513b327b109857ec06a4baaf1e2a0a8d660,2026-05-15 11:17:02,2026-05-15 12:17:02
5,32,e35861b91090b1903e6f889907592285a1f2737bcee0521912be1ca0fe4026f3,2026-05-15 06:47:08,2026-05-15 07:47:08
6,32,6db7ae8f55e4d01db6ff3b9f18b02dfe674de8b0b8c132e0e2bce4f2fc22b3ab,2026-05-14 23:04:14,2026-05-15 00:04:14
7,25,fc46fc3845c824530f822d0b77bd544198200807dd3074aeaab58290403661bd,2026-05-15 05:13:22,2026-05-15 06:13:22
8,77,d64428b50cbcd6df122844020477be8c91daf2b8a830ac7aa92fc9f6ddc95a1d,2026-05-15 18:16:59,2026-05-15 19:16:59
9,24,0035cf254f090ffaee268908ff206d9b10397368625a3054257babd4bfbd2cff,2026-05-15 06:11:41,2026-05-15 07:11:41
10,55,5a414b3f413befa422064014966bb13d4275f6cb28dff2df2f73be32dd2175ef,2026-05-15 01:35:24,2026-05-15 02:35:24
11,89,f24336293c3b84dfb36eb59b40744c957af28ddf80f742e1a87ffef596d862a1,2026-05-15 07:07:25,2026-05-15 08:07:25
12,83,e76222e54099c15702ad62a886ea9483a0013088bb88d894510244c37f829801,2026-05-15 02:27:29,2026-05-15 03:27:29
13,46,203a550d0353cfed3f12b80975c5bb96eb0a52040bba617b3e1636614fc0be88,2026-05-15 15:31:10,2026-05-15 16:31:10
14,93,4f39ead7d5b18c0367939a6384925eff7bdc7535daafeb865093cb3c30efbba2,2026-05-14 23:31:55,2026-05-15 00:31:55
15,76,9d167b6f46e3db65d961a1caae1aa1bdbaf9b8a5aebe1b687f24608ce8a6da77,2026-05-15 15:40:14,2026-05-15 16:40:14
16,6,43288330bb68995205f888cc9670cae4feea8313d8e30cfda7939578313af8f6,2026-05-15 05:46:25,2026-05-15 06:46:25
17,20,9c64c9e09d13ad2ab0cd6a78159c822d1f13c9cfa12207f9df0348b09bb36384,2026-05-15 13:34:00,2026-05-15 14:34:00
18,21,8adb8ecfabe5baea302068e7ef3298aee8ceca60c4271343ad28d7047d3033b9,2026-05-15 00:06:15,2026-05-15 01:06:15
19,36,4d47151ca2d6d412e5dcd34cb5780f46d03b27e9d2bddb99b257bddbc7bf87f0,2026-05-15 11:32:59,2026-05-15 12:32:59
20,19,148f0eacb1070d2f1bb8b0fcbdb4cdcacd1cd47c9036228f8e8caeabcf8e0acd,2026-05-15 16:48:32,2026-05-15 17:48:32
21,91,085cc32f86261d4e0c22246b14aa0f6269c7a3fca1c70c590ce68cc4564fa468,2026-05-15 14:03:33,2026-05-15 15:03:33
22,74,e2840751ce9913bb1a6d1bafdeab60d53888213b4dd944665d37eb1fd4aa117c,2026-05-15 14:09:08,2026-05-15 15:09:08
23,65,9473da4f8ddba9500ee9e23844b2d9a5993c09004c75b946e47c7c286091d3f6,2026-05-14 23:40:04,2026-05-15 00:40:04
24,9,f46c8b108c87bae46d9528a476009855f0b58b58ce702bdb89f23506d922782c,2026-05-15 16:19:59,2026-05-15 17:19:59
25,63,d0f026364ebea124826da179877a65bc400d78e9ee65f991c80871dee913f39e,2026-05-14 23:28:07,2026-05-15 00:28:07
26,55,015934613f4f1dd9e2e44f9eb15346607867c99348f8bfcbe70b3b629e51026f,2026-05-15 20:15:00,2026-05-15 21:15:00
27,46,9f4d1e4ac481f74b73773d1d5cff49d4e6102fcf5d9559bc52fee17097b3dca3,2026-05-14 22:24:51,2026-05-14 23:24:51
28,83,36e6fb7136f029e820d19e78865925904f72f2f05d72cbe50edeede5d25f0cec,2026-05-15 05:13:26,2026-05-15 06:13:26
29,43,3c7583288d203f115f58a635f495f38696707f20b449eb6d2319ee0c68102d7a,2026-05-14 22:42:19,2026-05-14 23:42:19
30,90,e4c8e8c58abe05e2e7787499b1a7892074b4402586612b4165e19a10c66a4729,2026-05-14 23:29:30,2026-05-15 00:29:30
31,14,b4820e374ca33a242aeda224ab65f4e036c5fb42f367115c2dd07ad87a16bb2c,2026-05-15 10:23:47,2026-05-15 11:23:47
32,81,2f486427424cadc6f49b723018d76691c354dd674d9d5bc0673d5afe0d54731a,2026-05-15 10:28:53,2026-05-15 11:28:53
33,20,f398175e51f759f830c03e6dcf8270f1b00f616bb559f8ee1700cb0a6974d75b,2026-05-15 18:23:34,2026-05-15 19:23:34
34,20,e153925e685af36f9eedb41781ad2a4af5ddeed122d419cc9e55642be27cdd5a,2026-05-15 12:11:03,2026-05-15 13:11:03
35,23,69a93e6762ad16a7e2bd31d05e69a97021c0294ba53dc7814d560563ba345c5e,2026-05-15 16:57:43,2026-05-15 17:57:43
36,99,4ee7377bf72320859f62d0d0fb0709cb3f7db2d63165d8ac6ca48a487660688f,2026-05-15 16:02:45,2026-05-15 17:02:45
37,74,60bfa3796668f87b3f95f7c55e1be6177017ba49433d374eeba314764392ceeb,2026-05-15 17:57:58,2026-05-15 18:57:58
38,36,84f1046dc34128299dacf8d9bd312e278457f34e6b3ee825d5a83ff34cd50874,2026-05-15 20:28:00,2026-05-15 21:28:00
39,5,b21caf8544cc48663ac457f3665e4436c8d7513b503b68d47aaa4e440dda25c5,2026-05-15 17:04:25,2026-05-15 18:04:25
40,7,5b6e4f5d10927acf926d7d95fe32f10c4d4faea712eddf78b54920a21b8a4bf2,2026-05-15 09:59:06,2026-05-15 10:59:06
41,24,c16208abb814735e1a8bc4104db0aa4703cb32677ed9fddbffb71fc2373102c9,2026-05-14 23:19:06,2026-05-15 00:19:06
42,47,1448a4d2f904254ccaf7fc76aa3c3e6a63ea435acdf38a619c51197f749cd061,2026-05-15 02:58:03,2026-05-15 03:58:03
43,96,f11a63c2ece5bf198ad53e9609d4259b4f7cf3c6a5419d7e7ed0de0796b62949,2026-05-15 00:35:00,2026-05-15 01:35:00
44,76,7c62cf9d661601bc8dc9ffbeeb2860d0971911ec5a8f52d95868dd177efa8845,2026-05-15 12:10:35,2026-05-15 13:10:35
45,50,41e78fa33287a0c7f789d2faafbffa033b9b7c45ed3801a2945582f0ca91febf,2026-05-15 07:30:46,2026-05-15 08:30:46
46,23,b4dbfacb7e829e33d0faebd596920915c70266b037fdf5602dbb519bd9147b83,2026-05-15 00:30:19,2026-05-15 01:30:19
47,79,ecdc755559d9b90f356d476f0d99f059b983d1078c4a72776265c74742baf773,2026-05-15 03:32:08,2026-05-15 04:32:08
48,46,c61a1f4f5b86c836917b2c743f01211accb9ff47f8b21e7c4f866b955af12567,2026-05-15 05:57:46,2026-05-15 06:57:46
49,82,fb070d206acec144da12f8de271cefdd91e9fa5adc05dd37bfd8f6e741474609,2026-05-15 03:16:43,2026-05-15 04:16:43
50,37,6ce8e890e1147b66603c363d0474c5c2eca91696847626b20537445e8edd0426,2026-05-15 00:38:54,2026-05-15 01:38:54
51,23,82f668903b987634443353405d87230ca6aeb200a63caf56cbe847e258ddb67e,2026-05-15 05:02:24,2026-05-15 06:02:24
52,64,3ce65ad4c06c8178fdaa947539f6a19105822134b827cff7b6048d2a09109477,2026-05-15 01:37:36,2026-05-15 02:37:36
53,11,44eb66beb726bb933b633da76d83773c4bb6e48b5a5b6fb2ae6aeea2e8c4616e,2026-05-15 16:30:01,2026-05-15 17:30:01
54,14,5222c3e22b7d0f37c181f125296e3bee3985dd578f99d188ef39d549c2f3766e,2026-05-15 17:33:06,2026-05-15 18:33:06
55,36,55e6b0dd1307da46953591cf431f6a869dfa40309b5ed97b7016b837dd3f36ed,2026-05-15 15:42:07,2026-05-15 16:42:07
56,88,ef1bd5c2e021b0d87b3545854adc8dfe3ff0806c6b47bc7ddc34edb49efb723b,2026-05-15 09:17:18,2026-05-15 10:17:18
57,81,c0111c12578566e75271a845230965c8145f45a5e46ee185a93dcb8199e22cf2,2026-05-15 12:03:33,2026-05-15 13:03:33
58,77,49c550f47609ee6d3911357506ba977b2e43b418e6ebb922206a79f57900fe40,2026-05-15 22:02:47,2026-05-15 23:02:47
59,53,0224263b2f4849dc3bed8148fc0c1f625d0ff726952257c461354e343d96f4b4,2026-05-15 19:01:32,2026-05-15 20:01:32
60,54,a6042aa2776bfe1ef4bc60389beb3177073faeca3aa6075a99e8ca5377f69617,2026-05-15 15:07:28,2026-05-15 16:07:28
61,33,5806e81f64f4143867a74a274bc9b0fb1c92fcccca48096ac6a004c5f1e72f9a,2026-05-15 20:57:28,2026-05-15 21:57:28
62,46,0199d26a3decc9e594b1af89920b951c86a196aae936e4ed9a0159e574507f95,2026-05-15 12:13:32,2026-05-15 13:13:32
63,70,1c055db7af1597db04fdbc958d04e788e8e79c475b90df7523c9baff364d61cc,2026-05-15 02:22:16,2026-05-15 03:22:16
64,83,74cfcf261a818b947a250895335866d3d8d2b5efc21ea0e7dd7dafdffff26c68,2026-05-15 03:24:33,2026-05-15 04:24:33
65,54,4cd83f8d5c4140a28eaa9132c70ea265be0d921741a710d8ade99610ea0b724a,2026-05-15 05:09:45,2026-05-15 06:09:45
66,33,9be9ec51ca0029f0f711b55590a57e812b45ff0355b02d74755b2932f33d32ea,2026-05-15 10:50:33,2026-05-15 11:50:33
67,4,ce77366d0d6a454446dd074cfff4b51f1897af6d21b7db030653b8ec199a3a54,2026-05-15 04:01:56,2026-05-15 05:01:56
68,70,184e92ac08baec16d948db352c1ebc4d27e742dc9a0129d1ef702e18b0733a1b,2026-05-15 20:11:32,2026-05-15 21:11:32
69,64,61241a848e9e5e1eafeb4947e0301348e1af87a225318786a70a835fb50c2a71,2026-05-15 06:41:52,2026-05-15 07:41:52
70,97,013448e7bade477c30215bd99529e5326e6d78358961a05ffec53dbcbf87ad0a,2026-05-15 14:52:57,2026-05-15 15:52:57
71,15,2cf52a584eff306a59f496beba8153680d17cdf107ce99c498f19c994f370b64,2026-05-15 06:00:49,2026-05-15 07:00:49
72,7,6d2ccdca91889d04e6ed255c9f425f43840fb22838efb37e77103018332af83e,2026-05-15 05:40:03,2026-05-15 06:40:03
73,95,e72619736bb0fb7f2b63fc3918caabd535a02cc117634d0d8010beddacfc9074,2026-05-15 04:02:50,2026-05-15 05:02:50
74,11,ea464507e60f0a6061d8eee7c9535e3958ee7cad51923b88b0062d03678d8f01,2026-05-15 22:14:20,2026-05-15 23:14:20
75,93,eeae1393dd796bc93ba2a1055812fd03678f3607f0a0b1d05073110f7aabccd7,2026-05-15 11:37:49,2026-05-15 12:37:49
76,41,2a08badaa2d51fc7a9bb4a66dc11d407f5a2270aa6f1faff951809b9483b50ad,2026-05-15 11:32:22,2026-05-15 12:32:22
77,67,7ed020198442fd7125e0fdbd17f68f4785a84e53740f7fa9a20ae8704ab40cf5,2026-05-15 12:03:50,2026-05-15 13:03:50
78,80,be98faa14e8c22cdb0950fd97a5006471c935a4f666a1e27a6c2eb1ec803c943,2026-05-15 15:55:04,2026-05-15 16:55:04
79,27,a7e042506ea7f88581c9da7c316b66aefa74e8d0743ad8ac415cfa591836836d,2026-05-15 20:13:40,2026-05-15 21:13:40
80,99,8ec3ba5259358a6b0d9221abff604b24cfc52f66fae317aec92f76037c142801,2026-05-15 20:39:35,2026-05-15 21:39:35
81,95,6dff945b091490268a694cff9fe63ad4e408c571662de197fec85912942c8d59,2026-05-15 09:29:20,2026-05-15 10:29:20
82,96,b700a2d1f21039f32fee00ed1aafaf3dac8a31f405fd80cc7af31d895c427c96,2026-05-14 23:47:47,2026-05-15 00:47:47
83,26,e4e419579ab330fbd30824de7884fb8331de6187c4d96a0fac38080f7bf0f9dc,2026-05-15 15:28:53,2026-05-15 16:28:53
84,23,c3decccdf6b2653071f0991ccb82df35ed4017d0106ac9ba218ce6f548e879c0,2026-05-15 08:12:07,2026-05-15 09:12:07
85,71,6c9f4b9993ae3aa83c1f2a760cd9ea098617fdf0ba88c312ee39976305a9bf76,2026-05-15 14:18:28,2026-05-15 15:18:28
86,30,1b1e6b590f0375d25ad3a6503a59b2ae7e26d3087b816f4490c246bb921d39b7,2026-05-14 23:59:05,2026-05-15 00:59:05
87,95,4f8b0d9bdffee8ae0004ac7f5caab3945cb66c7532622ebb68fe283c5989ec15,2026-05-15 02:10:10,2026-05-15 03:10:10
88,39,a54bff2f85726a0a9f3ab7b7246873d6e70d965305cb5ddf7e3513fef58c6f73,2026-05-15 08:07:34,2026-05-15 09:07:34
89,79,14d372a706be2b109bbd9ba8b758166d3766b030cc9c0f02ec2ab7079aec8440,2026-05-15 18:54:48,2026-05-15 19:54:48
90,38,f9c1cc89673340f72e11f419145edb94cbd8aebceef110ac11e5842ad972c00a,2026-05-15 18:54:00,2026-05-15 19:54:00
91,38,08195d534ca531ef60e68a60e61716eb18aae8c19eef1ef61af9011e415fc671,2026-05-15 09:24:36,2026-05-15 10:24:36
92,97,0d7fa719c83042af195137c681d2f2e91c90aeed62397e154a716e148c6d24a1,2026-05-15 12:16:48,2026-05-15 13:16:48
93,33,58027882babcd829d67ece8dd426bee5fe5c989b8ef00508dd2afac5fa4260c3,2026-05-15 08:48:21,2026-05-15 09:48:21
94,15,daf996213ddba733749168005bc525879f7a4a6d84b8a5c38c911615f1871577,2026-05-15 01:37:53,2026-05-15 02:37:53
95,37,81af22ae0b59b5052680f04ae54c3c6e101f0a20e5888b79a6967966b90b3c5a,2026-05-15 04:11:01,2026-05-15 05:11:01
96,42,730424edb403fd6741f4a73a0fe6ab84e053d5f8e5465a74148ca671934a1af9,2026-05-15 17:17:43,2026-05-15 18:17:43
97,72,0c2d79913af64b27504aa4704d8fb3998706a0daa15b450376bfe130a2f12878,2026-05-15 17:31:31,2026-05-15 18:31:31
98,10,0742f9541120ffec0b2c8298bf97bae7bf7eaab3d901abc16be9c087506aec0f,2026-05-15 04:51:36,2026-05-15 05:51:36
99,63,fa64e05b46bcac9ae2ba786221bc86401b23a8964af2a146dee116eef0822e24,2026-05-15 15:34:03,2026-05-15 16:34:03
100,93,3e922fb4333bf413603750408d12c0bb4e5f23a0e5d981ff0acfa53f43ac88cc,2026-05-15 12:15:03,2026-05-15 13:15:03
