user_id,username,master_password_hash,created_at
1,nancyhenderson14,9d602b5e322de64ba088a994a58f155b5ae24801dd14dd821e9c4640461d4863,2025-05-30 04:32:49
2,kim5783,bb8d28c4ac3fe8c42dc5f8ee73d49d2186d80f4e5308b57ed1453c3c286b3026,2026-01-04 11:58:25
3,bradyvincent23,ff41b32d4fbb9a8a0807e63b7fff770f1a989727f64411e9cbf15870c9f33fd6,2026-01-03 23:26:49
4,ycox79,bff01398151638de66ff49f7a7ff710a7936652dd4b9958633a50bd2f9e052a5,2025-09-30 20:33:38
5,sandrawhitaker38,9f060e2bf6cd7362e075d3573dcd3743cbc1134e25af62bd1fbac7d1143e8061,2026-04-18 04:07:48
6,taylorjessica28,1ff590852ec8210e7d8853ce39832fc2f3a9fc96db5dfeaec36cb4aea0bddaaf,2026-04-01 06:18:17
7,kimberlysmith28,4555c28774696745409173e9a297bc54e645b58a37966c813b8983e7362521b7,2025-11-07 16:12:11
8,maureen3947,ea4e474c48e69cc801c5f1cc4946dc52af4e294b2aea0dc8b2d7f20073afd995,2026-02-10 02:23:57
9,becksamantha83,b06a1433b86a1b32141fd9f9db4517561f5db0e5c59b816c91abc503f45b9ac4,2025-07-24 03:05:57
10,georgecortez20,0590ccf8f108e4e1dae3adb6f179d557784c521676755c4d4672b45368507c70,2025-06-09 17:14:10
11,samuelhart90,a642c2abe7a0de29a9e1a15d7b38aa356fd542016b213b4961eeb05c9807de4d,2025-09-18 02:46:33
12,hharrison87,9ced472ddbd78977874861f200a7bb31925db943f620e4fb9321003083e2b7d2,2025-11-16 20:23:40
13,shawn7810,cc4010cb71c82b8fc37e0443a732d42b7384b21c7984b0433767abac0cfc3e9f,2025-07-13 22:30:41
14,rileydaniel24,28ccdc1b6820e5b973b595c35c4ec67ecc8ea2cd10cb68eeb1d8d3a3ee4b97d8,2025-06-17 11:45:58
15,xneal74,121b0eb9ab2484d7ae3fb56d521e48a67a00a00990e5bc0245c908c180d8daf0,2025-05-19 13:48:42
16,dorseystacey47,d8ff06771f7430b99b5bd340354dbca9bf1c59e52ba2ac2ef8439862f291f0af,2025-07-11 10:21:26
17,ctaylor70,153cfff50f8530bbd52682044f662112c6e91c174c91bb6b1bba5e064f1397b3,2026-04-18 08:00:37
18,conniesmith69,beb939b350e38fdc526d979be975c1d2774975f8d5310a0071a0104ba69b9558,2026-03-06 00:09:04
19,fwalker16,d02a2acd611f21c5e4ee06506222ee4db815244cf6eab8f4e29529202777972c,2026-03-06 05:49:40
20,christopher2127,9391f2e201a7618b306a37ef644022a077bac985abee2a95c3a7170df6d7d8ff,2026-03-31 14:30:24
21,nicole0914,c0604d6474213646723472ef62ae3fb84b394ae184be1b0f944d0b5abecb82a0,2025-09-24 21:55:22
22,luishall12,3b24db5b0f8f444b18c94014a252a9182ad7d1f65c32eb9405440becabdbb285,2025-08-31 02:24:40
23,andreamckinney39,ad888996b9e2d2a2db93b7db0e37fdbf4c6060cd79c44b9e8b012ad2da78b2bd,2025-08-27 09:09:39
24,jessegrant65,6bc7b79589e37132933a20bce9a42d2efca9b7c4512d4d0c57d58589fd688c06,2026-03-08 03:50:16
25,brandonjones65,87384b6f8af1290b24266bb1e2bd74a851988bd2105b841b9dcf52528386d89e,2026-03-30 14:43:56
26,dennisalexander13,685a9f3d1be6c24bea466887d4640d4135f897ce026a1f6a47faca99c01eecb3,2026-04-06 21:22:59
27,owheeler41,7bcb27a0f3f5195b12a103793b912a05bb66b965d4c04d545c7c194001340aff,2026-04-26 11:10:09
28,gabrielle0956,0d98f6b1ca80f1522ea47eebceffcafa6c18f8cef0c36a0d75e018035ec32a94,2025-11-28 16:25:34
29,xjackson85,0def1edd36342edd2a25feba1798c335b6503255cbd16f05285d89ade20ccc41,2025-07-24 22:02:09
30,donaldmendoza21,842d413d7e305308fdb220261f962b7fd1dba1aded6a91a2d8b1c436c73b076b,2025-06-20 05:27:47
31,david1397,ad1d380c641ce3a5258235c7f9613dca9efd6e65c9fe10588913d49b19f2c69c,2025-12-02 05:01:21
32,timothybradley25,3620e0a2b95732624ab86ce824bc81fcf0081eca7a9b4e8d6037775fe93c14a5,2025-10-18 20:58:14
33,nicholasspence77,046e975af926245dfe110f13bd44e34f585d472eb4804b60f108a0a66d0905f3,2026-03-20 23:32:22
34,alansmith78,99de699f78a70f75dcad40385235d922b514dfb0c42a3f1e65767440505a914a,2026-03-27 08:25:23
35,reyescameron35,f4a58a7971358e4a2d26b96dfaea5a470d8cd8e10232a962da1b1a4fd416dd8f,2025-11-16 22:26:36
36,parkerlatoya11,c38b18889dede6f73cffc5fb72596d6a7311c5d60ad7b6f277759a58b896ec00,2025-06-05 10:23:04
37,dellis59,c13d6d40e3c17b1a4b3c942a954d20aea60029afa0b922278597c33fe34267a5,2025-07-04 23:57:22
38,joseking87,cd9c9e1b8dd459689a3a44624da672530bf297450a5e3ad41914211158f5d712,2025-06-09 18:35:49
39,sarahdelacruz52,6454d30a195df9b478dd92ca17b7ebc9af0e349964dd7559437d90adde6631a9,2025-06-03 13:30:26
40,ltorres23,ca7fd623c36b5a69b6c72673a16db655fe74127580939d395ffa6b4d939c708f,2025-12-31 11:04:49
41,steven0494,bb4dce8362a4ab6881c9147bedbe3bc65884bdaced137c6874c38567338806bb,2025-08-13 05:57:55
42,lesliehamilton99,5eadb17dfcaf982e1742067c4c8b631f9162444b9c73a8073d298053db8722e5,2025-09-18 17:32:33
43,jessemclaughlin38,f9dbae818e05ff15f42586cf80c78c64b7aec9dd86d436f4cc7a569a21d4e42e,2025-11-07 20:26:42
44,wrightlauren66,cfd23fc41e599af630724251d06de27bb0e5d73ec5952a28618d5288d7a20213,2025-07-03 05:49:42
45,michelle0194,cd2bea8014f145ab1c96be851b22a5b1e270c402a5e0849e9382a1a06c53cb72,2026-02-02 14:33:53
46,jenkinslarry20,5ad675efa1ce15f94a13da22cfacc714c20d85eb283f0c5beb0ddea9be99949d,2025-09-19 18:42:53
47,danny5522,4d9e83bddb58f80bc5bd92303c8749d2cfdeadca567138aad65faa42c1953996,2025-09-19 10:46:09
48,swhite32,8c01df5aae43ccb83760bcf134b81364a55df28ba2bd3d69cef8664d83a1318f,2025-09-18 19:44:41
49,wduke35,3f4988328bf0977e9ad9d75033dccb7aa1927f3f36e38f202e1435917adc94bf,2026-01-21 00:01:26
50,steintracy93,1c9b574d138a1f1e68ea676d966fb2031494932d858e1b4deeddfa8309f98e21,2025-09-15 11:56:30
51,josephwhite69,a0462acf8e7f53b9b0f6f0207e3149a57f25f9e30c25fb689fc462faaba90367,2026-02-15 03:39:08
52,emartinez82,5ab68d61f36fc280aa5835a0e581ca66dfc1f20cb535e87dcdba63039157c339,2025-06-04 13:11:11
53,dbates31,ef75b2f4622c745208436cce4ef64e17b5f7cdf1a78e7a6803f4683a164aa63e,2025-07-05 05:59:24
54,williamdavis42,6706f938cf915f10d47b03b672a48ec5adf40fe6677d0a87249d0be77442d9b9,2026-02-13 10:58:45
55,rswanson53,18daba3761f9b4ca54da89d25717ceae1b6abae5d88585c324f5f3f94d8918ad,2026-04-21 05:01:55
56,xstout94,10210dbf10fe2d7ab0aec216508f298337565ca7acce45fed47dc05d25de03a7,2025-06-11 06:59:55
57,vthompson28,56d28986c1398b588e3f1a06e98adb0f9ad23e8491a3f7f374e55bf33757b913,2026-02-17 20:12:27
58,nbrennan32,a65fcf0dc95bb7a0ee4ffd311d14a0aa1a742b8920d141f511990c4e5b32c519,2025-08-26 08:39:20
59,kayla1231,a9e0dcc6e985d91dae808660bbdf1bd384b6c5772705e305912d93a18b360268,2025-08-27 09:32:35
60,matthewgarcia50,2274be5c686a3a26adcae0c52d67536070510c6c2feacd22323ae69d130a3945,2025-11-17 04:38:19
61,pcollins61,c6fad01d7a4d2b6d72e9c5c6a05676b71abfb0609a2f62057e2939f8b0372476,2026-02-13 06:32:08
62,whitemeagan34,df8ad087db561dd26957861afc048fa755d941b1640f6b6f734a7b075daedf2b,2025-09-24 04:33:45
63,michael6469,1a34697e5331ae0bb14916bc9747288bf6dedc654e0856c5620c89f33c501d85,2025-09-21 12:55:04
64,courtneyjones81,2b8c575fa21eade0b85ccb2153a034cbeb1d1584a83016eaf403fb840831fb1a,2025-11-23 11:00:10
65,twilliams58,a491b34ff47517fae0801223be3169625af904a07101f31e727c403ac4c76839,2025-11-18 17:12:55
66,paullang72,ad71b851f6886ddd315b218e592e7bffc225a4e285cb167b6c8b64065ca57d93,2025-10-20 18:02:39
67,tdavis11,a5c1b5e2c14a4f72afc701630498c8015228e4e85b99f8f00f6c979d33269db5,2026-03-07 15:11:47
68,deborah9612,d60b62f28fb73a32293cf354afdf904ca94d0a52c8f60c937905940a5b74b6ac,2025-10-15 16:35:44
69,brittanymccormick45,6b94ac7936227a3abc2591f9f875042db2372fd7ee3c86adfadbdbeb31b638df,2026-01-10 03:44:58
70,nstephens46,8c55c9255f7e50a507104c0cca1f92d73fb585a4000a75129cb893ee8d5273e8,2025-12-14 11:34:38
71,david6333,4ac035613cf851be60478128bcedd4c4954f32ab878a97c36273fc2a595883bf,2026-03-03 02:02:58
72,vmassey87,0ecdcd11b311592b1ffcc0e88d3d62aeec786fc955833cf1d7ae83194389dda7,2025-08-04 01:17:44
73,smithcaleb31,1fdb4fedca0790fe91dbc914939dd474e4d8c4e31f3f4a7786a6940fd333bf1b,2025-09-29 19:43:40
74,ucompton10,df0083b4601e4820393fe4b690cba353ab0be6106593a3c8240b9537afd9500b,2025-11-07 06:17:34
75,amandajohnson31,e9fadb6061274fdc39797dd12bbaaa2bb0c35c0dc4d5701ed31d1c4002d67f34,2025-06-01 11:57:30
76,mossisaac85,73a89b2bcf38dad1637ef4dcc27fff835195a1f0e046488229943917a619a6e3,2025-07-26 10:10:55
77,paulamartin53,69e7c608e1a305c28ee3c6ba9df9877fb69629fd36ee6ae48547b88bfdf92734,2025-10-12 13:09:42
78,charles2619,52a976b65d3a742e2b34151c17ca9c05dc2891ec4bbd3dac080cca48cc23ab37,2025-08-08 00:51:30
79,mgamble95,773c6f36fb636906190f854c44f2c708dfdfba35f41b6c2077b6385bb861c162,2025-12-21 07:52:51
80,douglas3532,412562934911fc927a867f8f04d64afda20c6289db956326e70c3dde819b592f,2026-03-18 23:41:45
81,leahmoran34,b9738833c6aa8f278402e1f51cd05dc78fc17424fa08bba2d348d3574974632d,2025-08-10 01:49:39
82,fgutierrez10,1119dce109d1e82b92b268071a27ad7623ea6613446981fe893d14794456b12a,2025-08-03 17:42:18
83,fullerjeffery44,b4ea148da1d7d2b6cd09e501f0bc11013e984613128017925be4a333501372a6,2025-09-03 21:12:21
84,david3249,0f0a53306dd69850c621f2940641024d06a5e5d2b661ca39caaebf422971248b,2025-05-17 02:42:36
85,dustin8364,dc5bd1a5a01628ccb1eb7dd8f029bef59a06f2f6d3bc6f333f8fdaf1711f6524,2025-11-11 09:44:37
86,cameron4732,8235b112632d18eaeb585afd6bef23b68c87b2398818fffadd4b02baf32b1100,2026-01-22 06:21:53
87,wglass77,47869641a766af847723adb9f741f02bd7ee86ecee54d12a387cc1d36fe953bf,2026-02-18 00:00:18
88,huntbrittany36,0b5c9d4295437c260a2dc66d91df1ea0d4e8ad1dcb9612d2de842d8b55180e94,2026-04-21 07:58:42
89,brusso33,17c2535c4018b2d15dc3d0e765bcf2e98ea94b4078d7afa383ad0ca11ec111d5,2025-12-29 16:07:59
90,qstevens72,3364b69be9a65f1f919d2a43f6440d18377d5471e3c97e5f2152af8a095c6df1,2025-12-28 01:58:52
91,paynejohn65,9133ba80bf293d592e9639a84d12afb7e7b71cd273e826a90715d5498017cfae,2025-12-31 04:51:55
92,johnowens49,ce79801f8ea3c4993049d5ad80208fe711ff3f8e4cb940b66990860a640b1cef,2025-08-07 09:09:18
93,michaelmack34,65ba0e5ac1c74843cb9dabf43a5cb092d6bba37a29f3c4d0402cf2efe358e81d,2026-04-06 13:23:01
94,smithmonique40,3db1b6e53cbc27629fd9cff8e990127b919036022f21ca1b8aa51ce8e4441efd,2025-06-19 17:59:22
95,michellerivera61,52d02fe1ef2b3c257af166d47aafc9c2f2e598c3ae5bebff95392f136311079f,2026-02-26 08:42:58
96,dawnmora81,13ffbd72987c02b55fd3aee59b665e3c16db65c57efe656065f83cf6e3e3b95e,2025-05-29 22:25:16
97,ypowell28,42ef6f932574a74b01f231cfaa8e9f4097d750245d2b334a4dd2abbdaf77a6e5,2026-05-06 18:01:34
98,mendozacharlene22,73aaa976851b5e34931f787a077fabb0cd07577f0935f1485b55fb793448c8d5,2025-09-28 04:30:22
99,bellalexandra29,b2dc08d9fe776eb4e0fee69b65019fd29762cae6615e8f2528edafbddae5b051,2025-07-24 01:19:01
100,douglaspaul69,1fba9c065f72209344607473b42220f70d43a16e6efa13635b53661cbe7b09db,2026-04-08 10:40:41
