history_id,vault_id,encrypted_password,changed_at
1,17,0c20137641680e66422e656f01b69206a741d2a79105487a461d488d6e31eded,2026-05-15 22:14:52
2,61,31d4edc82b88b77415bfdab4d4bd867dab4677e02160e7f169af862abf7ae4e8,2026-05-15 22:16:27
3,24,e53a0baf513588dd7601b81ed0b3b3ee2068891a7a4e0ca7925a0da381480cce,2026-05-15 22:14:35
4,97,e04fc69b595507f2c7a9e638258699aa68a74b58252428823c43dd4c9d5297a2,2026-05-15 22:12:07
5,66,2f23d9ee200a2c2913b726f95dd11e65c4e213b74deadfe21b87334baabb374e,2026-05-15 22:16:30
6,51,052c921a8fedc7e6367f9a2728f33504d2811c2efa2b68419b2f6e47c93db2a4,2026-05-15 22:15:20
7,85,1e7fe0ffb816199a29d122e41c9ba5687c949417834e969a9a0bdbaa5ca29c5f,2026-05-15 22:17:51
8,2,e6000ec4ea6e18062e5e0e733bac0aaec4a392f1ee0303ee31bca489badbd37e,2026-05-15 22:12:09
9,79,71d701adeea9e91949cf7ca97d4dc2cbcfef7acee7bff004ce15d32de900b842,2026-05-15 22:17:02
10,35,d85b24200a40b3b41e553ecde5b6ea200df38bedc89cecd5e86f773205b9daa1,2026-05-15 22:17:24
11,13,adbb90b9588ac494422b1638f1174af6780f9f016c8ae88091e115bf93a5e6b6,2026-05-15 22:18:01
12,71,900d27337656e6d9ca1800c94bb3ecf5f3faed1cbe23994dd9cd8d13f6a1a549,2026-05-15 22:14:03
13,66,a693296e35d830df507cb20b461e2d04d79f287ef3df0a3899a82026c6960642,2026-05-15 22:14:45
14,47,8402601a30898c5bfac968ce7f8a1093e3fd5d1249814d2062f06c66ef150255,2026-05-15 22:16:20
15,34,5c2ec2f95db734037e320ff9e13d1762c32149a47a1804504744ffb562613ffe,2026-05-15 22:13:34
16,34,9b27051d43e9011e251a910a97f73dbd2498fd73be8386ca6cf92f7ca3f7595b,2026-05-15 22:14:56
17,72,627b8e2e22a4d9d79995cf004ca86732eafbc4414457c28581ac1e6b6c903071,2026-05-15 22:14:32
18,100,28377965061da2bf3e5f0353a4110a6d46c5b705d2b395301ef46905acc8f118,2026-05-15 22:13:27
19,16,2202e76b5bd210f9cc83e0c8848145ede3de432662224bd8f41dc610ec1d406e,2026-05-15 22:17:41
20,2,c995cdd82cf51022a3887a85c6d31b17eaa54e2555da0a0b0d422c2315f0042b,2026-05-15 22:15:27
21,58,a43b88bbf2ee3f0de8763388f6e11276076e751a92a9923f6ed600d919b2dc08,2026-05-15 22:15:10
22,24,0e53705012995f7307b25162e57e22b182e10e0f7cb0684c4698e005c2f03784,2026-05-15 22:12:46
23,37,bfeeed04635ec49a95ec66641884abaee11af88e4a208e7dc78341b707cb467d,2026-05-15 22:17:42
24,93,7e39d49b076f01f35ffc1b019eb983250dcb317e5a013daa7fb5a9f992f507a4,2026-05-15 22:14:43
25,51,4f529f809edfaf822a3ac5576eddebc05f253da307e0cde5800138053611bf69,2026-05-15 22:16:13
26,6,4c9be5cfda1baba24a41bdf5f88c6795f4098d657f328b90714ca114ff6d909b,2026-05-15 22:14:20
27,75,01712a0cddeb0306a0d11eead98b8cf8e0515b1fefba90c39fcf0d0210797669,2026-05-15 22:13:48
28,97,d06f7493446f970bd6816e693a67a0b7a54758103deb118c0ebed2bab0a4eeb7,2026-05-15 22:12:26
29,76,c4894fc3228f25d017350e44ceeead176140a43d4150792cf0f0707493f34c3f,2026-05-15 22:17:36
30,43,9c704275062e55acde7a963a998781df08243203e1f1dcc2f7b4e1241a7d4e56,2026-05-15 22:17:24
31,46,92aec0ae3bca4c01c840af875e1ebcbb881062d8e5830f9f7e65f4ec9c6e32d1,2026-05-15 22:17:59
32,87,430dc996376d86590b8899bf3fe6584391123e786f4079cc3f38d5c6775fa0af,2026-05-15 22:14:17
33,87,7f18190b2cd84824d003b6141f92fa30850b91602dc4f87b5870256600f866c5,2026-05-15 22:16:01
34,100,7e524ddbbe5ae5c82daff1f7e3e225282c3ebab2a1ce8f435c03ad6e2a64bc8e,2026-05-15 22:17:52
35,34,7d7504492f8d7fa90f7df7aa56c5019bfff6c9313a194e0b85e674bd074f7029,2026-05-15 22:17:44
36,22,5af571269b1a62bbadbf5ccec7c0138a8c82420db8e9c7b2ef55b6601b2971cc,2026-05-15 22:17:22
37,74,dc2b972c202cd46072ebca3be9f4f5a970982f6706a2e09c3093a19184412dcd,2026-05-15 22:12:12
38,92,648a028651903e2e784dc3f8aab914b82e567338550908e3b6d8ebf64fbdf515,2026-05-15 22:12:50
39,62,79cf14cd3ecdb88b96b9eadcd7e14ac8431353cda04083516e1faf505506969c,2026-05-15 22:13:25
40,74,54f9c26b3bba9f55f267bba583db832a0cb524c579a81a4c7057c15f4b41c15e,2026-05-15 22:15:43
41,38,6129428c157f71765b46c956a9a87bb34de48ee12857ff24b6f743c654d58671,2026-05-15 22:14:53
42,91,39aaf337983b0a8c4284d06d7b6afd345be2733adb9b4829e7df578e0c1266b0,2026-05-15 22:15:31
43,54,a7e43b9503532ba99d41723d8a2f363843ee83ff11da374d98b37b95cde53e75,2026-05-15 22:12:28
44,77,de2a0cfce5a2d05e5bf7d3695ffffcbd27cf97231950440606c99a1e3d95f3a0,2026-05-15 22:16:07
45,89,646712263ab823a8d358212d5898a40159f6c658fef9cba1fe320a8fdbea1c5b,2026-05-15 22:16:59
46,24,26ae6b3f3dd0049e714f3227451391a3fac464ae82ceb4d4fdefb74452894476,2026-05-15 22:14:14
47,75,3cce6bbf7a1ba066f3820a025f9da0681102f75c984a05f1dae00ada888a5c68,2026-05-15 22:17:30
48,22,3c576da80bd6dcbc09b8e2cd29b438e00d1dd83f14f5b48c5d1337866faa93f9,2026-05-15 22:15:14
49,9,1cac0bf6bb42ba7889bfadb840d65a3d6db9cd75bbc6316ce812be1ce5be8732,2026-05-15 22:16:00
50,84,1d5e1c1a2a223ed0e31a491d5843d5f0df708538f4765ce661cdcfa96134959f,2026-05-15 22:18:04
